<annotation>
	<folder>JPEGImages</folder>
	<filename>1501.jpg</filename>
	<path>E:\AAAAAAAAAAAAAAAAAAAA\ssd-keras-master\VOCdevkit\VOC2007\JPEGImages\1501.jpg</path>
	<source>
		<database>Unknown</database>
	</source>
	<size>
		<width>300</width>
		<height>300</height>
		<depth>3</depth>
	</size>
	<segmented>0</segmented>
	<object>
		<name>well</name>
		<pose>Unspecified</pose>
		<truncated>1</truncated>
		<difficult>0</difficult>
		<bndbox>
			<xmin>0</xmin>
			<ymin>55</ymin>
			<xmax>13</xmax>
			<ymax>75</ymax>
		</bndbox>
	</object>
	<object>
		<name>well</name>
		<pose>Unspecified</pose>
		<truncated>0</truncated>
		<difficult>0</difficult>
		<bndbox>
			<xmin>175</xmin>
			<ymin>253</ymin>
			<xmax>188</xmax>
			<ymax>271</ymax>
		</bndbox>
	</object>
	<object>
		<name>well</name>
		<pose>Unspecified</pose>
		<truncated>0</truncated>
		<difficult>0</difficult>
		<bndbox>
			<xmin>256</xmin>
			<ymin>235</ymin>
			<xmax>269</xmax>
			<ymax>253</ymax>
		</bndbox>
	</object>
</annotation>