<annotation>
	<folder>JPEGImages</folder>
	<filename>1561.jpg</filename>
	<path>E:\AAAAAAAAAAAAAAAAAAAA\ssd-keras-master\VOCdevkit\VOC2007\JPEGImages\1561.jpg</path>
	<source>
		<database>Unknown</database>
	</source>
	<size>
		<width>300</width>
		<height>300</height>
		<depth>3</depth>
	</size>
	<segmented>0</segmented>
	<object>
		<name>well</name>
		<pose>Unspecified</pose>
		<truncated>0</truncated>
		<difficult>0</difficult>
		<bndbox>
			<xmin>170</xmin>
			<ymin>103</ymin>
			<xmax>187</xmax>
			<ymax>135</ymax>
		</bndbox>
	</object>
	<object>
		<name>well</name>
		<pose>Unspecified</pose>
		<truncated>0</truncated>
		<difficult>0</difficult>
		<bndbox>
			<xmin>103</xmin>
			<ymin>225</ymin>
			<xmax>120</xmax>
			<ymax>247</ymax>
		</bndbox>
	</object>
</annotation>