<annotation>
	<folder>JPEGImages</folder>
	<filename>2505.jpg</filename>
	<path>E:\AAAAAAAAAAAAAAAAAAAA\ssd-keras-master\VOCdevkit\VOC2007\JPEGImages\2505.jpg</path>
	<source>
		<database>Unknown</database>
	</source>
	<size>
		<width>300</width>
		<height>300</height>
		<depth>3</depth>
	</size>
	<segmented>0</segmented>
	<object>
		<name>well</name>
		<pose>Unspecified</pose>
		<truncated>0</truncated>
		<difficult>0</difficult>
		<bndbox>
			<xmin>214</xmin>
			<ymin>111</ymin>
			<xmax>227</xmax>
			<ymax>143</ymax>
		</bndbox>
	</object>
	<object>
		<name>well</name>
		<pose>Unspecified</pose>
		<truncated>0</truncated>
		<difficult>0</difficult>
		<bndbox>
			<xmin>227</xmin>
			<ymin>112</ymin>
			<xmax>238</xmax>
			<ymax>147</ymax>
		</bndbox>
	</object>
</annotation>