<annotation>
	<folder>JPEGImages</folder>
	<filename>646.jpg</filename>
	<path>E:\AAAAAAAAAAAAAAAAAAAA\ssd-keras-master\VOCdevkit\VOC2007\JPEGImages\646.jpg</path>
	<source>
		<database>Unknown</database>
	</source>
	<size>
		<width>300</width>
		<height>300</height>
		<depth>3</depth>
	</size>
	<segmented>0</segmented>
	<object>
		<name>well</name>
		<pose>Unspecified</pose>
		<truncated>0</truncated>
		<difficult>0</difficult>
		<bndbox>
			<xmin>208</xmin>
			<ymin>106</ymin>
			<xmax>223</xmax>
			<ymax>123</ymax>
		</bndbox>
	</object>
	<object>
		<name>well</name>
		<pose>Unspecified</pose>
		<truncated>0</truncated>
		<difficult>0</difficult>
		<bndbox>
			<xmin>237</xmin>
			<ymin>214</ymin>
			<xmax>256</xmax>
			<ymax>237</ymax>
		</bndbox>
	</object>
</annotation>