<annotation>
	<folder>JPEGImages</folder>
	<filename>744.jpg</filename>
	<path>E:\AAAAAAAAAAAAAAAAAAAA\ssd-keras-master\VOCdevkit\VOC2007\JPEGImages\744.jpg</path>
	<source>
		<database>Unknown</database>
	</source>
	<size>
		<width>300</width>
		<height>300</height>
		<depth>3</depth>
	</size>
	<segmented>0</segmented>
	<object>
		<name>well</name>
		<pose>Unspecified</pose>
		<truncated>0</truncated>
		<difficult>0</difficult>
		<bndbox>
			<xmin>49</xmin>
			<ymin>27</ymin>
			<xmax>67</xmax>
			<ymax>50</ymax>
		</bndbox>
	</object>
	<object>
		<name>well</name>
		<pose>Unspecified</pose>
		<truncated>1</truncated>
		<difficult>0</difficult>
		<bndbox>
			<xmin>0</xmin>
			<ymin>52</ymin>
			<xmax>14</xmax>
			<ymax>75</ymax>
		</bndbox>
	</object>
	<object>
		<name>well</name>
		<pose>Unspecified</pose>
		<truncated>0</truncated>
		<difficult>0</difficult>
		<bndbox>
			<xmin>28</xmin>
			<ymin>257</ymin>
			<xmax>44</xmax>
			<ymax>280</ymax>
		</bndbox>
	</object>
	<object>
		<name>well</name>
		<pose>Unspecified</pose>
		<truncated>0</truncated>
		<difficult>0</difficult>
		<bndbox>
			<xmin>33</xmin>
			<ymin>243</ymin>
			<xmax>50</xmax>
			<ymax>271</ymax>
		</bndbox>
	</object>
</annotation>